{
  "hash": "55c902cf",
  "configHash": "3d60e9bf",
  "lockfileHash": "0cfe6da5",
  "browserHash": "e4bc20ec",
  "optimized": {
    "@angular/common/http": {
      "src": "../../../../../../node_modules/@angular/common/fesm2022/http.mjs",
      "file": "@angular_common_http.js",
      "fileHash": "e7a3416e",
      "needsInterop": false
    },
    "@angular/core": {
      "src": "../../../../../../node_modules/@angular/core/fesm2022/core.mjs",
      "file": "@angular_core.js",
      "fileHash": "dbb658e3",
      "needsInterop": false
    },
    "@angular/material/paginator": {
      "src": "../../../../../../node_modules/@angular/material/fesm2022/paginator.mjs",
      "file": "@angular_material_paginator.js",
      "fileHash": "401b3a47",
      "needsInterop": false
    },
    "@angular/material/table": {
      "src": "../../../../../../node_modules/@angular/material/fesm2022/table.mjs",
      "file": "@angular_material_table.js",
      "fileHash": "add8e5d8",
      "needsInterop": false
    },
    "@angular/platform-browser": {
      "src": "../../../../../../node_modules/@angular/platform-browser/fesm2022/platform-browser.mjs",
      "file": "@angular_platform-browser.js",
      "fileHash": "6592d958",
      "needsInterop": false
    },
    "@angular/platform-browser/animations/async": {
      "src": "../../../../../../node_modules/@angular/platform-browser/fesm2022/animations/async.mjs",
      "file": "@angular_platform-browser_animations_async.js",
      "fileHash": "6c448ead",
      "needsInterop": false
    },
    "@angular/router": {
      "src": "../../../../../../node_modules/@angular/router/fesm2022/router.mjs",
      "file": "@angular_router.js",
      "fileHash": "486a650a",
      "needsInterop": false
    },
    "@angular/material/sort": {
      "src": "../../../../../../node_modules/@angular/material/fesm2022/sort.mjs",
      "file": "@angular_material_sort.js",
      "fileHash": "f0e32246",
      "needsInterop": false
    }
  },
  "chunks": {
    "browser-YI37S634": {
      "file": "browser-YI37S634.js"
    },
    "chunk-VUI2GOUG": {
      "file": "chunk-VUI2GOUG.js"
    },
    "chunk-3ZI4JOMN": {
      "file": "chunk-3ZI4JOMN.js"
    },
    "chunk-FRYNSE2E": {
      "file": "chunk-FRYNSE2E.js"
    },
    "chunk-5KZ2VKJE": {
      "file": "chunk-5KZ2VKJE.js"
    },
    "chunk-GKSQKTG2": {
      "file": "chunk-GKSQKTG2.js"
    },
    "chunk-7PNCG644": {
      "file": "chunk-7PNCG644.js"
    },
    "chunk-NZTZMXOU": {
      "file": "chunk-NZTZMXOU.js"
    }
  }
}